INSERT INTO VMA_TYPE_ACTE(IDENTIFIANT,CODE,LIBELLE) VALUES ('ENGAGEMENT','ENGAGEMENT','ENGAGEMENT');
INSERT INTO VMA_TYPE_ACTE(IDENTIFIANT,CODE,LIBELLE) VALUES ('LIQUIDATION','LIQUIDATION','LIQUIDATION');
INSERT INTO VMA_TYPE_ACTE(IDENTIFIANT,CODE,LIBELLE) VALUES ('MANDAT','MANDAT','MANDAT');
INSERT INTO VMA_TYPE_ACTE(IDENTIFIANT,CODE,LIBELLE) VALUES ('ORDRE_PAIEMENT','ORDRE_PAIEMENT','ORDRE_PAIEMENT');

INSERT INTO VMA_ACTE(IDENTIFIANT,CODE,LIBELLE,TYPE) VALUES ('1','1','1','ENGAGEMENT');
INSERT INTO VMA_ACTE(IDENTIFIANT,CODE,LIBELLE,TYPE) VALUES ('2','2','2','ENGAGEMENT');
INSERT INTO VMA_ACTE(IDENTIFIANT,CODE,LIBELLE,TYPE) VALUES ('3','3','3','ENGAGEMENT');
INSERT INTO VMA_ACTE(IDENTIFIANT,CODE,LIBELLE,TYPE) VALUES ('4','4','4','LIQUIDATION');
INSERT INTO VMA_ACTE(IDENTIFIANT,CODE,LIBELLE,TYPE) VALUES ('5','5','5','LIQUIDATION');
INSERT INTO VMA_ACTE(IDENTIFIANT,CODE,LIBELLE,TYPE) VALUES ('6','6','6','MANDAT');

INSERT INTO TA_TYPE_OPERATION(IDENTIFIANT,CODE,LIBELLE) VALUES ('DEVERROUILLAGE','DEVERROUILLAGE','DEVERROUILLAGE');
INSERT INTO TA_TYPE_OPERATION(IDENTIFIANT,CODE,LIBELLE) VALUES ('VERROUILLAGE','VERROUILLAGE','VERROUILLAGE');

INSERT INTO TA_OPERATION(IDENTIFIANT,CODE,LIBELLE,TYPE,MOTIF,AUDIT_IDENTIFIANT,AUDIT_FONCTIONNALITE,AUDIT_ACTION,AUDIT_ACTEUR,AUDIT_DATE) VALUES ('1','1','1','DEVERROUILLAGE','1','1','1','1','1',DATE '2022-1-1');

INSERT INTO TA_OPERATION(IDENTIFIANT,CODE,LIBELLE,TYPE,MOTIF,AUDIT_IDENTIFIANT,AUDIT_FONCTIONNALITE,AUDIT_ACTION,AUDIT_ACTEUR,AUDIT_DATE) VALUES ('2','2','1','DEVERROUILLAGE','1','1','1','1','1',DATE '2022-1-1');
INSERT INTO TA_OPERATION_ACTE(IDENTIFIANT,OPERATION,ACTE,AUDIT_IDENTIFIANT,AUDIT_FONCTIONNALITE,AUDIT_ACTION,AUDIT_ACTEUR,AUDIT_DATE) VALUES ('1','2','1','1','1','1','1',DATE '2022-1-1');

INSERT INTO TA_OPERATION(IDENTIFIANT,CODE,LIBELLE,TYPE,MOTIF,AUDIT_IDENTIFIANT,AUDIT_FONCTIONNALITE,AUDIT_ACTION,AUDIT_ACTEUR,AUDIT_DATE) VALUES ('3','3','1','DEVERROUILLAGE','1','1','1','1','1',DATE '2022-1-1');
INSERT INTO TA_OPERATION_ACTE(IDENTIFIANT,OPERATION,ACTE,AUDIT_IDENTIFIANT,AUDIT_FONCTIONNALITE,AUDIT_ACTION,AUDIT_ACTEUR,AUDIT_DATE) VALUES ('2','3','3','1','1','1','1',DATE '2022-1-1');
INSERT INTO TA_OPERATION_ACTE(IDENTIFIANT,OPERATION,ACTE,AUDIT_IDENTIFIANT,AUDIT_FONCTIONNALITE,AUDIT_ACTION,AUDIT_ACTEUR,AUDIT_DATE) VALUES ('3','3','6','1','1','1','1',DATE '2022-1-1');