DROP ALIAS IF EXISTS PA_VERROUILLER;
CREATE ALIAS PA_VERROUILLER FOR "ci.gouv.dgbf.system.cloture.server.impl.OperationTest.PA_VERROUILLER";

DROP ALIAS IF EXISTS PA_DEVERROUILLER;
CREATE ALIAS PA_DEVERROUILLER FOR "ci.gouv.dgbf.system.cloture.server.impl.OperationTest.PA_DEVERROUILLER";

INSERT INTO TA_TYPE_OPERATION(IDENTIFIANT,CODE,LIBELLE) VALUES ('DEVERROUILLAGE','DEVERROUILLAGE','DEVERROUILLAGE');
INSERT INTO TA_TYPE_OPERATION(IDENTIFIANT,CODE,LIBELLE) VALUES ('VERROUILLAGE','VERROUILLAGE','VERROUILLAGE');

INSERT INTO TA_STATUT_OPERATION(IDENTIFIANT,CODE,LIBELLE,NUMERO_ORDRE) VALUES ('CREEE','CREEE','CREEE',1);
INSERT INTO TA_STATUT_OPERATION(IDENTIFIANT,CODE,LIBELLE,NUMERO_ORDRE) VALUES ('DEMARREE','DEMARREE','DEMARREE',2);
INSERT INTO TA_STATUT_OPERATION(IDENTIFIANT,CODE,LIBELLE,NUMERO_ORDRE) VALUES ('EXECUTEE','EXECUTEE','EXECUTEE',3);

INSERT INTO TA_OPERATION(IDENTIFIANT,CODE,LIBELLE,TYPE,MOTIF,STATUT,AUDIT_IDENTIFIANT,AUDIT_FONCTIONNALITE,AUDIT_ACTION,AUDIT_ACTEUR,AUDIT_DATE) VALUES ('1','V1','Verrouillage des actes','DEVERROUILLAGE','Demande DG','CREEE','1','1','1','1',DATE '2022-1-1');
INSERT INTO TA_OPERATION(IDENTIFIANT,CODE,LIBELLE,TYPE,MOTIF,STATUT,AUDIT_IDENTIFIANT,AUDIT_FONCTIONNALITE,AUDIT_ACTION,AUDIT_ACTEUR,AUDIT_DATE) VALUES ('add_empty','add_empty','Verrouillage des actes','DEVERROUILLAGE','Demande DG','CREEE','1','1','1','1',DATE '2022-1-1');
INSERT INTO TA_OPERATION(IDENTIFIANT,CODE,LIBELLE,TYPE,MOTIF,STATUT,AUDIT_IDENTIFIANT,AUDIT_FONCTIONNALITE,AUDIT_ACTION,AUDIT_ACTEUR,AUDIT_DATE) VALUES ('add_notempty','add_notempty','Verrouillage des actes','DEVERROUILLAGE','Demande DG','CREEE','1','1','1','1',DATE '2022-1-1');
INSERT INTO TA_OPERATION(IDENTIFIANT,CODE,LIBELLE,TYPE,MOTIF,STATUT,AUDIT_IDENTIFIANT,AUDIT_FONCTIONNALITE,AUDIT_ACTION,AUDIT_ACTEUR,AUDIT_DATE) VALUES ('add_notempty_exception','add_notempty_exception','Verrouillage des actes','DEVERROUILLAGE','Demande DG','CREEE','1','1','1','1',DATE '2022-1-1');
INSERT INTO TA_OPERATION(IDENTIFIANT,CODE,LIBELLE,TYPE,MOTIF,STATUT,AUDIT_IDENTIFIANT,AUDIT_FONCTIONNALITE,AUDIT_ACTION,AUDIT_ACTEUR,AUDIT_DATE) VALUES ('add_comprehensively_empty','add_comprehensively_empty','Verrouillage des actes','DEVERROUILLAGE','Demande DG','CREEE','1','1','1','1',DATE '2022-1-1');
INSERT INTO TA_OPERATION(IDENTIFIANT,CODE,LIBELLE,TYPE,MOTIF,STATUT,AUDIT_IDENTIFIANT,AUDIT_FONCTIONNALITE,AUDIT_ACTION,AUDIT_ACTEUR,AUDIT_DATE) VALUES ('add_comprehensively_notempty','add_comprehensively_notempty','Verrouillage des actes','DEVERROUILLAGE','Demande DG','CREEE','1','1','1','1',DATE '2022-1-1');
INSERT INTO TA_OPERATION(IDENTIFIANT,CODE,LIBELLE,TYPE,MOTIF,STATUT,AUDIT_IDENTIFIANT,AUDIT_FONCTIONNALITE,AUDIT_ACTION,AUDIT_ACTEUR,AUDIT_DATE) VALUES ('add_byfilter1','add_byfilter1','1','DEVERROUILLAGE','1','CREEE','1','1','1','1',DATE '2022-1-1');
INSERT INTO TA_OPERATION(IDENTIFIANT,CODE,LIBELLE,TYPE,MOTIF,STATUT,AUDIT_IDENTIFIANT,AUDIT_FONCTIONNALITE,AUDIT_ACTION,AUDIT_ACTEUR,AUDIT_DATE) VALUES ('add_byfilter2','add_byfilter2','1','DEVERROUILLAGE','1','CREEE','1','1','1','1',DATE '2022-1-1');
INSERT INTO TA_OPERATION(IDENTIFIANT,CODE,LIBELLE,TYPE,MOTIF,STATUT,AUDIT_IDENTIFIANT,AUDIT_FONCTIONNALITE,AUDIT_ACTION,AUDIT_ACTEUR,AUDIT_DATE) VALUES ('remove_empty','remove_empty','Verrouillage des actes','DEVERROUILLAGE','Demande DG','CREEE','1','1','1','1',DATE '2022-1-1');
INSERT INTO TA_OPERATION(IDENTIFIANT,CODE,LIBELLE,TYPE,MOTIF,STATUT,AUDIT_IDENTIFIANT,AUDIT_FONCTIONNALITE,AUDIT_ACTION,AUDIT_ACTEUR,AUDIT_DATE) VALUES ('remove_notempty','remove_notempty','Verrouillage des actes','DEVERROUILLAGE','Demande DG','CREEE','1','1','1','1',DATE '2022-1-1');
INSERT INTO TA_OPERATION(IDENTIFIANT,CODE,LIBELLE,TYPE,MOTIF,STATUT,AUDIT_IDENTIFIANT,AUDIT_FONCTIONNALITE,AUDIT_ACTION,AUDIT_ACTEUR,AUDIT_DATE) VALUES ('remove_notempty_exception','remove_notempty_exception','Verrouillage des actes','DEVERROUILLAGE','Demande DG','CREEE','1','1','1','1',DATE '2022-1-1');
INSERT INTO TA_OPERATION(IDENTIFIANT,CODE,LIBELLE,TYPE,MOTIF,STATUT,AUDIT_IDENTIFIANT,AUDIT_FONCTIONNALITE,AUDIT_ACTION,AUDIT_ACTEUR,AUDIT_DATE) VALUES ('remove_byfilter1','remove_byfilter1','1','DEVERROUILLAGE','1','CREEE','1','1','1','1',DATE '2022-1-1');
INSERT INTO TA_OPERATION(IDENTIFIANT,CODE,LIBELLE,TYPE,MOTIF,STATUT,AUDIT_IDENTIFIANT,AUDIT_FONCTIONNALITE,AUDIT_ACTION,AUDIT_ACTEUR,AUDIT_DATE) VALUES ('remove_byfilter2','remove_byfilter2','1','DEVERROUILLAGE','1','CREEE','1','1','1','1',DATE '2022-1-1');

INSERT INTO TA_OPERATION(IDENTIFIANT,CODE,LIBELLE,TYPE,MOTIF,STATUT,AUDIT_IDENTIFIANT,AUDIT_FONCTIONNALITE,AUDIT_ACTION,AUDIT_ACTEUR,AUDIT_DATE) VALUES ('start_actscountiszero','start_actscountiszero','1','DEVERROUILLAGE','1','CREEE','1','1','1','1',DATE '2022-1-1');
INSERT INTO TA_OPERATION(IDENTIFIANT,CODE,LIBELLE,TYPE,MOTIF,STATUT,AUDIT_IDENTIFIANT,AUDIT_FONCTIONNALITE,AUDIT_ACTION,AUDIT_ACTEUR,AUDIT_DATE) VALUES ('start_statusisequal','start_statusisequal','1','DEVERROUILLAGE','1','DEMARREE','1','1','1','1',DATE '2022-1-1');
INSERT INTO TA_OPERATION(IDENTIFIANT,CODE,LIBELLE,TYPE,MOTIF,STATUT,AUDIT_IDENTIFIANT,AUDIT_FONCTIONNALITE,AUDIT_ACTION,AUDIT_ACTEUR,AUDIT_DATE) VALUES ('start_statusisgreater','start_statusisgreater','1','DEVERROUILLAGE','1','EXECUTEE','1','1','1','1',DATE '2022-1-1');
INSERT INTO TA_OPERATION(IDENTIFIANT,CODE,LIBELLE,TYPE,MOTIF,STATUT,AUDIT_IDENTIFIANT,AUDIT_FONCTIONNALITE,AUDIT_ACTION,AUDIT_ACTEUR,AUDIT_DATE) VALUES ('start_01','start_01','1','DEVERROUILLAGE','1','CREEE','1','1','1','1',DATE '2022-1-1');
INSERT INTO TA_OPERATION(IDENTIFIANT,CODE,LIBELLE,TYPE,MOTIF,STATUT,AUDIT_IDENTIFIANT,AUDIT_FONCTIONNALITE,AUDIT_ACTION,AUDIT_ACTEUR,AUDIT_DATE) VALUES ('start_01_processedIsTrue','start_01_processedIsTrue','1','DEVERROUILLAGE','1','CREEE','1','1','1','1',DATE '2022-1-1');
INSERT INTO TA_OPERATION(IDENTIFIANT,CODE,LIBELLE,TYPE,MOTIF,STATUT,AUDIT_IDENTIFIANT,AUDIT_FONCTIONNALITE,AUDIT_ACTION,AUDIT_ACTEUR,AUDIT_DATE) VALUES ('start_02','start_02','1','DEVERROUILLAGE','1','CREEE','1','1','1','1',DATE '2022-1-1');
INSERT INTO TA_OPERATION(IDENTIFIANT,CODE,LIBELLE,TYPE,MOTIF,STATUT,AUDIT_IDENTIFIANT,AUDIT_FONCTIONNALITE,AUDIT_ACTION,AUDIT_ACTEUR,AUDIT_DATE) VALUES ('start_03','start_03','1','DEVERROUILLAGE','1','CREEE','1','1','1','1',DATE '2022-1-1');

INSERT INTO VMA_TYPE_ACTE(IDENTIFIANT,CODE,LIBELLE) VALUES ('ENGAGEMENT','ENGAGEMENT','ENGAGEMENT');
INSERT INTO VMA_TYPE_ACTE(IDENTIFIANT,CODE,LIBELLE) VALUES ('LIQUIDATION','LIQUIDATION','LIQUIDATION');
INSERT INTO VMA_TYPE_ACTE(IDENTIFIANT,CODE,LIBELLE) VALUES ('MANDAT','MANDAT','MANDAT');
INSERT INTO VMA_TYPE_ACTE(IDENTIFIANT,CODE,LIBELLE) VALUES ('ORDRE_PAIEMENT','ORDRE_PAIEMENT','ORDRE_PAIEMENT');
INSERT INTO VMA_TYPE_ACTE(IDENTIFIANT,CODE,LIBELLE) VALUES ('ADDBYFILTER','ADDBYFILTER','ADDBYFILTER');
INSERT INTO VMA_TYPE_ACTE(IDENTIFIANT,CODE,LIBELLE) VALUES ('REMOVEBYFILTER','REMOVEBYFILTER','REMOVEBYFILTER');

INSERT INTO VMA_ACTE(IDENTIFIANT,CODE,LIBELLE,TYPE) VALUES ('1','1','1','ENGAGEMENT');
INSERT INTO VMA_ACTE(IDENTIFIANT,CODE,LIBELLE,TYPE) VALUES ('2','2','2','ENGAGEMENT');
INSERT INTO VMA_ACTE(IDENTIFIANT,CODE,LIBELLE,TYPE) VALUES ('3','3','3','ENGAGEMENT');
INSERT INTO VMA_ACTE(IDENTIFIANT,CODE,LIBELLE,TYPE) VALUES ('4','4','4','ENGAGEMENT');
INSERT INTO VMA_ACTE(IDENTIFIANT,CODE,LIBELLE,TYPE) VALUES ('5','5','5','ENGAGEMENT');

INSERT INTO VMA_ACTE(IDENTIFIANT,CODE,LIBELLE,TYPE) VALUES ('add_notempty_1','add_notempty_1','1','ENGAGEMENT');
INSERT INTO VMA_ACTE(IDENTIFIANT,CODE,LIBELLE,TYPE) VALUES ('add_notempty_2','add_notempty_2','1','ENGAGEMENT');
INSERT INTO VMA_ACTE(IDENTIFIANT,CODE,LIBELLE,TYPE) VALUES ('add_notempty_3','add_notempty_3','1','ENGAGEMENT');
INSERT INTO VMA_ACTE(IDENTIFIANT,CODE,LIBELLE,TYPE) VALUES ('add_notempty_4','add_notempty_4','1','ENGAGEMENT');
INSERT INTO VMA_ACTE(IDENTIFIANT,CODE,LIBELLE,TYPE) VALUES ('add_notempty_5','add_notempty_5','1','ENGAGEMENT');

INSERT INTO VMA_ACTE(IDENTIFIANT,CODE,LIBELLE,TYPE) VALUES ('add_notempty_exception_1','add_notempty_exception_1','1','ENGAGEMENT');
INSERT INTO VMA_ACTE(IDENTIFIANT,CODE,LIBELLE,TYPE) VALUES ('add_notempty_exception_2','add_notempty_exception_2','1','ENGAGEMENT');

INSERT INTO VMA_ACTE(IDENTIFIANT,CODE,LIBELLE,TYPE) VALUES ('remove_notempty_1','remove_notempty_1','1','ENGAGEMENT');
INSERT INTO VMA_ACTE(IDENTIFIANT,CODE,LIBELLE,TYPE) VALUES ('remove_notempty_2','remove_notempty_2','1','ENGAGEMENT');
INSERT INTO VMA_ACTE(IDENTIFIANT,CODE,LIBELLE,TYPE) VALUES ('remove_notempty_3','remove_notempty_3','1','ENGAGEMENT');
INSERT INTO VMA_ACTE(IDENTIFIANT,CODE,LIBELLE,TYPE) VALUES ('remove_notempty_4','remove_notempty_4','1','ENGAGEMENT');
INSERT INTO VMA_ACTE(IDENTIFIANT,CODE,LIBELLE,TYPE) VALUES ('remove_notempty_5','remove_notempty_5','1','ENGAGEMENT');

INSERT INTO VMA_ACTE(IDENTIFIANT,CODE,LIBELLE,TYPE) VALUES ('remove_notempty_exception_1','remove_notempty_exception_1','1','ENGAGEMENT');

INSERT INTO VMA_ACTE(IDENTIFIANT,CODE,LIBELLE,TYPE) VALUES ('add_comprehensively_notempty_1','add_comprehensively_notempty_1','1','ENGAGEMENT');
INSERT INTO VMA_ACTE(IDENTIFIANT,CODE,LIBELLE,TYPE) VALUES ('add_comprehensively_notempty_2','add_comprehensively_notempty_2','1','ENGAGEMENT');
INSERT INTO VMA_ACTE(IDENTIFIANT,CODE,LIBELLE,TYPE) VALUES ('add_comprehensively_notempty_3','add_comprehensively_notempty_3','1','ENGAGEMENT');
INSERT INTO VMA_ACTE(IDENTIFIANT,CODE,LIBELLE,TYPE) VALUES ('add_comprehensively_notempty_4','add_comprehensively_notempty_4','1','ENGAGEMENT');
INSERT INTO VMA_ACTE(IDENTIFIANT,CODE,LIBELLE,TYPE) VALUES ('add_comprehensively_notempty_5','add_comprehensively_notempty_5','1','ENGAGEMENT');

INSERT INTO VMA_ACTE(IDENTIFIANT,CODE,LIBELLE,TYPE) VALUES ('add_byfilter1_1','add_byfilter1_1','1','ENGAGEMENT');
INSERT INTO VMA_ACTE(IDENTIFIANT,CODE,LIBELLE,TYPE) VALUES ('add_byfilter2_2','add_byfilter2_2','1','ADDBYFILTER');
INSERT INTO VMA_ACTE(IDENTIFIANT,CODE,LIBELLE,TYPE) VALUES ('add_byfilter2_3','add_byfilter2_3','1','ADDBYFILTER');

INSERT INTO VMA_ACTE(IDENTIFIANT,CODE,LIBELLE,TYPE) VALUES ('remove_byfilter1_1','remove_byfilter1_1','1','ENGAGEMENT');
INSERT INTO VMA_ACTE(IDENTIFIANT,CODE,LIBELLE,TYPE) VALUES ('remove_byfilter2_2','remove_byfilter2_2','1','REMOVEBYFILTER');
INSERT INTO VMA_ACTE(IDENTIFIANT,CODE,LIBELLE,TYPE) VALUES ('remove_byfilter2_3','remove_byfilter2_3','1','REMOVEBYFILTER');

INSERT INTO VMA_ACTE(IDENTIFIANT,CODE,LIBELLE,TYPE,REFERENCE) VALUES ('start_01_1','start_01_1','1','ENGAGEMENT','1');
INSERT INTO VMA_ACTE(IDENTIFIANT,CODE,LIBELLE,TYPE,REFERENCE) VALUES ('start_01_processedIsTrue_1','start_01_processedIsTrue_1','1','ENGAGEMENT','1');

INSERT INTO TA_OPERATION_ACTE(IDENTIFIANT,OPERATION,ACTE,AUDIT_IDENTIFIANT,AUDIT_FONCTIONNALITE,AUDIT_ACTION,AUDIT_ACTEUR,AUDIT_DATE) VALUES ('1','add_notempty','add_notempty_1','1','1','1','1',DATE '2022-1-1');
INSERT INTO TA_OPERATION_ACTE(IDENTIFIANT,OPERATION,ACTE,AUDIT_IDENTIFIANT,AUDIT_FONCTIONNALITE,AUDIT_ACTION,AUDIT_ACTEUR,AUDIT_DATE) VALUES ('2','add_notempty_exception','add_notempty_exception_1','1','1','1','1',DATE '2022-1-1');
INSERT INTO TA_OPERATION_ACTE(IDENTIFIANT,OPERATION,ACTE,AUDIT_IDENTIFIANT,AUDIT_FONCTIONNALITE,AUDIT_ACTION,AUDIT_ACTEUR,AUDIT_DATE) VALUES ('3','remove_notempty','remove_notempty_1','1','1','1','1',DATE '2022-1-1');
INSERT INTO TA_OPERATION_ACTE(IDENTIFIANT,OPERATION,ACTE,AUDIT_IDENTIFIANT,AUDIT_FONCTIONNALITE,AUDIT_ACTION,AUDIT_ACTEUR,AUDIT_DATE) VALUES ('4','add_comprehensively_notempty','add_comprehensively_notempty_1','1','1','1','1',DATE '2022-1-1');
INSERT INTO TA_OPERATION_ACTE(IDENTIFIANT,OPERATION,ACTE,AUDIT_IDENTIFIANT,AUDIT_FONCTIONNALITE,AUDIT_ACTION,AUDIT_ACTEUR,AUDIT_DATE) VALUES ('5','add_comprehensively_notempty','add_comprehensively_notempty_2','1','1','1','1',DATE '2022-1-1');
INSERT INTO TA_OPERATION_ACTE(IDENTIFIANT,OPERATION,ACTE,AUDIT_IDENTIFIANT,AUDIT_FONCTIONNALITE,AUDIT_ACTION,AUDIT_ACTEUR,AUDIT_DATE) VALUES ('6','remove_byfilter1','remove_byfilter1_1','1','1','1','1',DATE '2022-1-1');
INSERT INTO TA_OPERATION_ACTE(IDENTIFIANT,OPERATION,ACTE,AUDIT_IDENTIFIANT,AUDIT_FONCTIONNALITE,AUDIT_ACTION,AUDIT_ACTEUR,AUDIT_DATE) VALUES ('7','remove_byfilter2','remove_byfilter2_2','1','1','1','1',DATE '2022-1-1');
INSERT INTO TA_OPERATION_ACTE(IDENTIFIANT,OPERATION,ACTE,AUDIT_IDENTIFIANT,AUDIT_FONCTIONNALITE,AUDIT_ACTION,AUDIT_ACTEUR,AUDIT_DATE) VALUES ('8','remove_byfilter2','remove_byfilter2_3','1','1','1','1',DATE '2022-1-1');
INSERT INTO TA_OPERATION_ACTE(IDENTIFIANT,OPERATION,ACTE,AUDIT_IDENTIFIANT,AUDIT_FONCTIONNALITE,AUDIT_ACTION,AUDIT_ACTEUR,AUDIT_DATE) VALUES ('9','start_01','start_01_1','1','1','1','1',DATE '2022-1-1');
INSERT INTO TA_OPERATION_ACTE(IDENTIFIANT,OPERATION,ACTE,TRAITE,AUDIT_IDENTIFIANT,AUDIT_FONCTIONNALITE,AUDIT_ACTION,AUDIT_ACTEUR,AUDIT_DATE) VALUES ('10','start_01_processedIsTrue','start_01_processedIsTrue_1',1,'1','1','1','1',DATE '2022-1-1');